,X0,X1,S,A,T,Delta
0,1.0,-1.673496862187882,0,1,2.1096941683095873,1
1,1.0,0.14920917717363727,0,0,1.1203147270370275,1
2,1.0,-0.1924335875016613,0,0,1.4883776720076047,1
3,1.0,-0.6067822537747771,0,0,1.320857876464336,1
4,1.0,0.5607391215249415,0,1,1.4783715091059322,1
5,1.0,2.23374181718851,0,0,0.8277020264041266,1
6,1.0,1.1979445442724148,0,0,0.6973126732077171,1
7,1.0,-1.4917894625792851,0,1,2.131826152744241,0
8,1.0,-0.5676426647860793,0,0,1.5414640388685643,1
9,1.0,0.7867848564510715,0,1,1.8188313242796856,1
10,1.0,-0.4964107682456756,0,1,0.9641820795714553,0
11,1.0,0.054450454198732685,0,0,1.3291949784263226,1
12,1.0,0.667656819691664,0,0,0.5286298871281058,1
13,1.0,-0.2565351266401532,0,0,1.359860616872754,1
14,1.0,-0.749360024587164,0,1,2.2719063421318926,1
15,1.0,-0.9120221236676125,0,0,1.9084496000656905,1
16,1.0,0.4606516017955024,0,1,1.2427248941391644,1
17,1.0,-0.5047426687596688,0,1,1.6888596956248645,0
18,1.0,0.05095648935287182,0,0,0.9888682125290432,1
19,1.0,1.475177001040882,0,0,1.1897244685269435,1
20,1.0,1.6983963373947457,0,0,0.8653579325118188,1
21,1.0,-0.9393440858011145,0,0,0.7392900566027476,1
22,1.0,0.7179371560664952,0,1,2.0806354062546966,0
23,1.0,1.4959239243509128,0,0,0.564349610941761,1
24,1.0,0.13207146339615533,0,0,1.4925610426351494,1
25,1.0,1.0105777441752746,0,0,0.6620829763911031,1
26,1.0,0.7140136647795777,0,1,2.3567946993198006,1
27,1.0,-0.4821837559279105,0,1,1.7799599554824461,1
28,1.0,1.1937539257129777,0,1,2.4903023143612795,1
29,1.0,-1.1783571107825783,0,0,1.5624149648670635,1
30,1.0,2.227632427710879,0,0,0.467299139078897,1
31,1.0,-0.3706913150137116,0,0,1.3071125541861446,1
32,1.0,0.11451307868971691,0,1,1.725657360130575,1
33,1.0,-0.3053010967777903,0,0,0.6972174972582563,1
34,1.0,-0.22694269172745493,0,1,1.3632913478302469,0
35,1.0,1.5846752522072982,0,1,2.7220292093284044,1
36,1.0,0.7265596873090217,0,1,1.910823855221417,1
37,1.0,0.251180602888509,0,0,1.640119710149806,1
38,1.0,2.30520008974477,0,1,1.7979404269783736,1
39,1.0,0.26489212591960626,0,0,1.5282148672263973,1
40,1.0,-0.4358705471211873,0,0,1.4907135412155934,1
41,1.0,1.1718386720242902,0,1,1.9960497351936257,1
42,1.0,-1.2847899565168766,0,1,2.9529558259379707,0
43,1.0,-0.4138854460393294,0,1,2.3326993309424915,0
44,1.0,0.8011771775202031,0,0,1.1072946263126973,1
45,1.0,1.2824726464358422,0,1,3.0360440256104066,1
46,1.0,0.8364275016189902,0,1,1.7178520310064014,1
47,1.0,0.02598203955875963,0,1,0.9073294333345845,1
48,1.0,-0.3130833631432559,0,0,1.4172717520617428,1
49,1.0,-0.8170593599165992,0,0,1.3493153556115247,1
50,1.0,0.4965514061901408,0,0,0.8238725707436434,1
51,1.0,0.48742999920426994,0,1,1.1726959862436996,1
52,1.0,1.4345578045484448,0,1,2.0628540501075006,1
53,1.0,0.4495602623090708,0,1,1.748006397966524,0
54,1.0,0.7552382361852505,0,0,1.3143482017925407,1
55,1.0,-0.3394105087721904,0,0,1.9729686041797676,1
56,1.0,-2.335838097006754,0,0,1.7231275948761717,1
57,1.0,0.8293530501131258,0,0,0.7008299330997803,1
58,1.0,0.30558785658532117,0,0,0.9854002114862638,1
59,1.0,0.12616747475569515,0,1,2.8627665448248143,1
60,1.0,-0.32058638758636787,0,1,2.5439866697667095,1
61,1.0,-0.8299377327494417,0,0,0.8875112056302643,1
62,1.0,-0.4538338648968906,0,0,1.0671507204133177,1
63,1.0,0.514333847534605,0,0,0.9715021367372882,1
64,1.0,-1.192411523507164,0,1,3.14321019741552,1
65,1.0,0.30910772557553123,0,1,1.244374582572904,0
66,1.0,-0.9305452485742759,0,0,1.4134348084488522,1
67,1.0,-1.076157772847769,0,0,2.0247971447457616,0
68,1.0,0.2749944020361802,0,0,0.9134997221458809,1
69,1.0,-1.2722714221138784,0,1,2.171934505675041,0
70,1.0,-0.5549901130503393,0,1,0.45784025570578907,0
71,1.0,0.6437151720251728,0,1,1.6868092584782812,1
72,1.0,0.15459287094401297,0,1,2.2122484270503433,1
73,1.0,1.6183443916158808,0,0,0.5779040431230121,1
74,1.0,0.556979926260902,0,1,1.8572654064843097,0
75,1.0,1.8028616316947854,0,0,0.6123096994697201,1
76,1.0,2.21200409477726,0,1,2.0229074996624843,1
77,1.0,-0.10552483152307286,0,0,1.121619891576837,1
78,1.0,-1.3491512722623917,0,0,1.8127380250100256,1
79,1.0,-0.7287505531824116,0,0,2.3740349245198393,1
80,1.0,0.32510317398501104,0,0,0.8558006561810917,1
81,1.0,0.654256942859955,0,1,1.9209595928788261,1
82,1.0,0.5227993607485382,0,1,2.5067802245378856,1
83,1.0,0.12043117627394402,0,0,0.9370747589579491,1
84,1.0,0.9927059557440335,0,1,1.6475730624216443,0
85,1.0,-0.3741645316522549,0,0,1.3293326949849864,1
86,1.0,0.40962004827096177,0,0,0.9409735724161168,1
87,1.0,0.49909127799597025,0,1,1.7934792998681015,0
88,1.0,0.7700578149708482,0,0,0.9375424924304672,1
89,1.0,-0.9623082922822004,0,0,1.4821068766267036,1
90,1.0,-0.3002485274843005,0,1,1.9693589060297378,0
91,1.0,0.0690720624091984,0,1,2.6680839726913708,0
92,1.0,-0.9181051905288308,0,0,0.5797472320791401,1
93,1.0,-0.3056279627591452,0,1,1.8123666633688138,0
94,1.0,-0.8021847128808736,0,0,1.1572762656856348,1
95,1.0,-0.5141810423377132,0,0,1.2185969825282847,1
96,1.0,-0.5326162695643876,0,0,0.4313391277893008,0
97,1.0,0.5089770033050853,0,0,0.9865546637470658,1
98,1.0,-0.052989238748635106,0,0,0.9945435527777333,1
99,1.0,-1.0714417845839455,0,1,3.1565081898041396,1
100,1.0,-0.12198584934400676,0,1,1.8368268113821948,1
101,1.0,0.2428600188676614,0,0,1.1870134990274195,1
102,1.0,-1.4903909743340171,0,1,2.3245771702421516,1
103,1.0,0.5834259565083036,0,0,1.014337195228262,1
104,1.0,-0.5619447680013151,0,1,2.799354587004145,1
105,1.0,-1.4209371032948126,0,0,1.0280610340080867,1
106,1.0,-1.353760644029517,0,0,1.1936375668869355,1
107,1.0,0.9228773939517033,0,1,2.2635969592769465,1
108,1.0,-1.3291959143723637,0,1,1.852615162724811,0
109,1.0,-1.164453537851302,0,1,2.2425008982706456,1
110,1.0,0.12537888093900953,0,1,1.9526783299324084,0
111,1.0,-2.1761213747399495,0,1,2.9502602046309736,1
112,1.0,-0.2882510651047446,0,0,1.023383359917929,1
113,1.0,-1.3500607695461382,0,0,0.856522936419767,1
114,1.0,-0.46079310852913663,0,0,1.3910128363249163,1
115,1.0,1.0315185705374914,0,1,1.9129738094077628,1
116,1.0,1.8578629812039318,0,0,0.43553753901138836,1
117,1.0,-0.22794872772463406,0,0,1.0959488637784205,1
118,1.0,0.6256902816981588,0,0,0.9907299192914981,1
119,1.0,1.0277299679739016,0,1,2.0605403662828783,1
120,1.0,0.6049171538217788,0,1,1.5223280302472424,1
121,1.0,0.69531145258798,0,0,0.9659792740066782,1
122,1.0,-0.3623216207874857,0,0,1.8224617979658844,1
123,1.0,-0.12819821328064018,0,1,2.554006013170052,1
124,1.0,0.3456212437306224,0,1,2.25036287352447,1
125,1.0,0.3321438620958333,0,1,2.8556729355924784,1
126,1.0,0.5102673427536227,0,1,1.8272675892743169,1
127,1.0,0.6988561372666331,0,0,0.9698219065310031,1
128,1.0,-0.7218273369415245,0,1,2.9301960612739326,1
129,1.0,0.919898356582879,0,1,2.747520863100119,1
130,1.0,1.637482213122444,0,1,0.9824265375289871,1
131,1.0,0.42799288445908706,0,1,1.983604467344987,0
132,1.0,1.2153976436266825,0,0,0.614726632268633,1
133,1.0,0.32044534757726273,0,1,0.8882501989576899,1
134,1.0,0.46397768182330357,0,0,0.903841386237187,1
135,1.0,-0.12463214930447611,0,1,1.3758161152639587,1
136,1.0,-0.9124232234542003,0,0,0.8005524620262526,1
137,1.0,0.6683640661054474,0,0,1.1382988212072411,1
138,1.0,1.3375467624369894,0,1,2.419945182671408,1
139,1.0,1.6674284125101115,0,1,1.365219269958399,1
140,1.0,0.8315898703203329,0,0,1.1374336318938458,1
141,1.0,-1.1945607036454169,0,0,0.8382176084813088,1
142,1.0,1.031708608470118,0,0,0.6722047291378102,1
143,1.0,0.015326008852095887,0,1,1.4549362443841871,1
144,1.0,0.7008040064561795,0,1,2.639623640666694,1
145,1.0,0.271018051171507,0,1,2.028320627115983,1
146,1.0,0.06488067015694636,0,1,2.582755814808152,1
147,1.0,-0.010507071955246841,0,1,2.569233848394883,1
148,1.0,-0.10328165611614627,0,1,1.5209688198745388,1
149,1.0,-0.8970608460355645,0,1,3.267236587949325,1
150,1.0,-1.550204818449378,0,1,2.1072881893848128,1
151,1.0,-1.1596606539665846,0,0,0.6789427639573333,1
152,1.0,-0.8351050461684627,0,0,1.2769360525562898,1
153,1.0,-0.733299242420603,0,0,1.2280806715705426,1
154,1.0,0.46522013064854384,0,0,0.9340684218255652,1
155,1.0,0.31219234490505504,0,1,2.23226880373049,0
156,1.0,1.30231432566646,0,0,0.9094597652530239,1
157,1.0,1.9696481741993437,0,0,0.5658488401245769,1
158,1.0,0.395350730244301,0,1,2.528937785002131,1
159,1.0,-0.15927787702476603,0,1,1.6929333172516534,0
160,1.0,-0.1062920662323374,0,1,2.7032385525406055,1
161,1.0,-0.5668315698361783,0,0,1.196574177667023,1
162,1.0,-1.6627033307131003,0,1,2.339920687190002,0
163,1.0,-1.357124243844188,0,0,1.629941390128783,1
164,1.0,1.2512858185705982,0,1,2.452673768958213,1
165,1.0,-0.9626426922893714,0,1,2.1912424761780933,1
166,1.0,1.0471558197442097,0,1,1.0684302408152293,1
167,1.0,0.28993063242369854,0,0,1.268305003283958,1
168,1.0,-0.3922434256157708,0,0,1.1174639559874593,1
169,1.0,-1.595419900439298,0,0,1.6372404093955937,1
170,1.0,0.4562863626987295,0,0,1.277868217116068,1
171,1.0,-0.9776630618631026,0,0,1.3712989734617622,0
172,1.0,-0.4792231696175806,0,0,1.1945057073169036,1
173,1.0,1.2919254697794147,0,1,1.8346958888739942,1
174,1.0,0.6860746882492205,0,0,0.899590975304303,1
175,1.0,-0.2265604032238192,0,1,1.30198507957077,0
176,1.0,0.10516544815052288,0,1,1.5598962381451462,1
177,1.0,-0.8049445197168936,0,0,1.0938430317653172,1
178,1.0,-0.31477410968279085,0,0,1.386109251517452,1
179,1.0,-0.9617597456935323,0,1,1.642984050853282,0
180,1.0,-0.0009470898843528231,0,1,0.9341245033958044,1
181,1.0,-1.6795978351888017,0,0,1.2798769391118507,1
182,1.0,-0.7530579578973923,0,1,1.3853889263961563,1
183,1.0,-1.109995835920481,0,0,2.007986666446245,1
184,1.0,0.7316105073324207,0,1,1.700904506985852,1
185,1.0,2.4072058615945493,0,0,0.4836403976487805,1
186,1.0,-0.4960294712583056,0,0,1.0864396852105604,1
187,1.0,-1.0108837514237792,0,1,2.060963111110166,1
188,1.0,-1.253530158479241,0,1,0.8624656180169799,1
189,1.0,-0.49490702845089607,0,0,0.8633441377501162,1
190,1.0,0.6459096421442244,0,1,2.060199454653172,1
191,1.0,0.8336007787180544,0,0,0.42472726110805703,1
192,1.0,-1.8309201790991014,0,1,2.2784803794039257,1
193,1.0,-1.2498098320120288,0,0,0.8777097617408296,1
194,1.0,0.7013092533700367,0,1,2.0932708634806234,1
195,1.0,-0.4268716053037576,0,0,1.308178880882762,1
196,1.0,0.21005838579275848,0,0,1.201057245467634,1
197,1.0,-0.1865291751026693,0,0,1.5107940457920446,1
198,1.0,-0.010838581737822529,0,0,1.696110048664633,1
199,1.0,-1.0616744283278992,0,0,0.9129793284440356,1
200,1.0,0.02437087189384296,0,1,1.6309265183492474,0
201,1.0,-0.5993782550251806,0,0,1.1807278353508976,1
202,1.0,-0.18602820182065488,0,0,0.8862755860988565,1
203,1.0,1.7907428155093692,0,1,3.1456690958514306,1
204,1.0,0.4458224080246123,0,1,1.9396189306441494,1
205,1.0,0.39431662344003193,0,1,1.779234610784926,1
206,1.0,-0.3954155763637502,0,1,2.6155281656917193,1
207,1.0,0.4776621063667151,0,0,0.5503777944488579,1
208,1.0,0.553527271456686,0,1,2.8367138334020097,1
209,1.0,-0.8496532267192076,0,1,1.5495183560889572,0
210,1.0,0.3388216230468698,0,0,0.917672885097897,1
211,1.0,1.803001303809896,0,0,0.9075476635442558,1
212,1.0,-1.4795886712818438,0,0,0.7827266659754907,1
213,1.0,-0.9247495508692338,0,1,2.284336459047558,1
214,1.0,-0.1946773550331594,0,0,1.315552878556251,1
215,1.0,0.5292259595248062,0,0,0.7042687673653613,1
216,1.0,-0.5496774297426028,0,0,1.6718733789628928,1
217,1.0,-0.21211400411485903,0,0,1.2311059050618767,1
218,1.0,0.7919339078919786,0,0,1.2029307373705773,1
219,1.0,0.5564624103371979,0,0,0.5421201016209192,1
220,1.0,0.046262592415751196,0,1,1.90448734282664,0
221,1.0,2.19509773188445,0,1,1.7364691103011336,1
222,1.0,0.39661508842854215,0,0,1.4992835057558138,1
223,1.0,-0.06665033704412755,0,0,0.596781570068551,1
224,1.0,0.3243512943522151,0,0,0.32108103330807003,1
225,1.0,-0.9812703930717277,0,0,1.5357632648676447,1
226,1.0,0.22896050080300542,0,0,1.8752316420777226,1
227,1.0,0.2616331151936087,0,0,0.6580344525561717,1
228,1.0,1.284500770726211,0,0,0.8607963380518825,1
229,1.0,-0.8440233467207787,0,1,0.7149804134866637,0
230,1.0,-0.272945285373851,0,0,0.6846644599464035,1
231,1.0,0.3863379320818398,0,0,0.6059732630766291,1
232,1.0,-2.3448101767478415,0,0,2.140796473020879,1
233,1.0,-0.8991273613260523,0,1,2.7468919450332328,1
234,1.0,1.3880900178603366,0,0,0.7754995999717844,1
235,1.0,-0.024988452309696558,0,1,2.3957284030244446,1
236,1.0,0.4806361191590559,0,1,2.8792762530977707,1
237,1.0,-0.15910817318793433,0,1,2.235779976602688,1
238,1.0,-0.6938320457659175,0,1,2.586695959806823,0
239,1.0,1.2997713566907265,0,0,0.5379815958190826,1
240,1.0,-0.6724320225785464,0,1,2.1062472822962715,1
241,1.0,-0.5883728382302394,0,0,1.2868714442956897,1
242,1.0,-0.8349136482478035,0,0,1.9467691735634285,1
243,1.0,-1.114778407963971,0,1,1.8420778009351797,1
244,1.0,-1.2380189363594774,0,1,1.7081099780193107,0
245,1.0,0.07151210363515692,0,0,1.4521073426272153,1
246,1.0,-0.06530556891061448,0,1,2.0563386990677923,1
247,1.0,0.38720678631509636,0,1,2.4489483219167973,0
248,1.0,1.6561683323673613,0,0,0.29284882553999253,1
249,1.0,1.1447565478052206,0,1,3.1754112319848637,1
250,1.0,0.04306886416041108,0,0,1.3451447204945972,1
251,1.0,2.8421920428128566,0,0,0.4700514055572968,1
252,1.0,-0.7645140668787349,0,1,2.4679960608643565,1
253,1.0,1.8057296847270259,0,1,1.8175878544009394,0
254,1.0,1.3239119665711132,0,0,0.5637180079936863,1
255,1.0,-1.111602313474122,0,0,0.7956680020716379,1
256,1.0,0.6286467740591347,0,0,0.588288676575561,1
257,1.0,0.011846543032453,0,1,1.3081324069224378,1
258,1.0,0.11209737711003323,0,0,1.5457907340000954,1
259,1.0,2.1789049377001493,0,1,2.3389581012574103,1
260,1.0,-1.5965221773411986,0,1,2.280062146158653,1
261,1.0,0.2532940227074094,0,1,1.994786373630235,1
262,1.0,-0.047493099776487295,0,0,1.5466398293966028,1
263,1.0,0.3489069514744454,0,0,1.1151872016635758,1
264,1.0,-0.8183329996426744,0,0,1.205539475413747,1
265,1.0,-1.672911508749138,0,0,1.6670253937417772,1
266,1.0,-1.4881906735264074,0,1,4.037610461977475,0
267,1.0,0.04697435156029541,0,0,1.5494878300744053,1
268,1.0,-1.9843394804031549,0,1,2.4299423890418996,1
269,1.0,-0.43970750484203364,0,1,1.9245324610660686,1
270,1.0,1.044315606758975,0,0,0.7156275772525128,1
271,1.0,-0.28250079635607206,0,1,3.031711277689279,1
272,1.0,-0.14415040141091967,0,1,2.2577625622322333,0
273,1.0,-0.4023566535287386,0,0,1.1450616082050646,1
274,1.0,0.10908215675555197,0,0,0.9936605457323334,1
275,1.0,0.4057579592787163,0,1,2.346707772542159,0
276,1.0,-0.1396889018834867,0,0,1.2262148747042287,1
277,1.0,1.109499702545461,0,0,0.9542130923840951,1
278,1.0,0.3957310990961736,0,0,1.3743849381928657,1
279,1.0,0.7543733644802472,0,0,0.9537801802517726,1
280,1.0,0.7074226358976158,0,0,0.7683325363860228,1
281,1.0,-1.2920641688552084,0,1,1.9333321163199535,0
282,1.0,0.25812638509392405,0,1,2.179564766719425,1
283,1.0,1.736514752013921,0,1,1.526663059906275,0
284,1.0,-0.022796327522634427,0,1,1.6231364386318379,0
285,1.0,-0.2773318128287181,0,1,2.4764420853952416,1
286,1.0,0.856611923902956,0,1,2.8378275520460883,1
287,1.0,0.35698946673457915,0,0,1.0253678724685995,1
288,1.0,-0.6097131299401888,0,0,1.5098454121188098,1
289,1.0,-0.5223996941216607,0,0,1.8361419307343678,1
290,1.0,0.5804868905023614,0,1,1.8834162209541863,1
291,1.0,-0.39139949175425387,0,1,1.8286513220583682,1
292,1.0,0.10362989476737325,0,0,1.0380306445380374,1
293,1.0,-1.6320634620785772,0,0,2.284820738738993,1
294,1.0,-0.5753519653922563,0,0,1.1001589070869895,1
295,1.0,-0.5304409070555517,0,0,1.5413934060301822,1
296,1.0,1.5919728301257412,0,0,0.7752552766729875,1
297,1.0,1.0405890478029642,0,0,0.9984102351211709,1
298,1.0,-0.019563799760268778,0,0,1.4170745325751786,1
299,1.0,0.634255444595867,0,0,0.7790133186651282,1
300,1.0,-0.05110537229330212,0,0,0.7168800708349956,1
301,1.0,1.367634610142507,0,1,2.3597572373240485,0
302,1.0,0.40425320262981446,0,1,3.1194499641095925,1
303,1.0,1.1761705628415557,0,1,1.4293639013244834,1
304,1.0,0.5289999611046496,0,0,1.2088369726994261,1
305,1.0,-0.6297109154532599,0,1,2.62281545579911,1
306,1.0,1.2131266235017635,0,0,1.1765091756617365,1
307,1.0,-0.49580955658384024,0,1,2.1626902626545714,1
308,1.0,1.3172650426563395,0,0,1.1416696041536236,1
309,1.0,-0.06425451434786099,0,0,0.9214059169271381,1
310,1.0,-0.16259421602111115,0,1,2.9315447139797928,0
311,1.0,-0.49064212175937777,0,0,1.5700934704062486,1
312,1.0,0.93317853931071,0,1,2.6457504289405542,1
313,1.0,-0.8046609189031694,0,1,2.479445510698908,0
314,1.0,0.23643526064883252,0,1,2.4120614755656793,1
315,1.0,0.5023832583338255,0,1,2.8690729272142943,0
316,1.0,-0.5263143642765488,0,0,1.4080886989634234,1
317,1.0,0.30560266984054735,0,1,0.8350077178250686,1
318,1.0,-0.4454609721476272,0,0,1.3947887724283172,1
319,1.0,-0.4854578178105211,0,0,1.370661897817806,1
320,1.0,0.34848455334657624,0,1,2.5408748260295977,1
321,1.0,0.5850263258947074,0,0,1.203948539482113,1
322,1.0,1.6585569970839604,0,1,1.8298271840530407,1
323,1.0,-1.3326500550650646,0,0,1.0208658124798426,1
324,1.0,-0.021687017021431623,0,1,2.0216170044009947,0
325,1.0,-0.03738553386508738,0,1,2.6733676035895195,1
326,1.0,0.9467955041275716,0,0,1.3187588936403736,1
327,1.0,-0.22244581434006894,0,0,0.728625212559319,1
328,1.0,1.6418843209894691,0,0,0.9757647496141428,1
329,1.0,-1.9678557138787287,0,0,2.0245259350568166,1
330,1.0,-0.04338065999398055,0,1,2.213290511380767,1
331,1.0,0.10333973310646288,0,1,2.0698670447290235,1
332,1.0,-1.7919487570672936,0,1,1.5489753782481628,0
333,1.0,0.09637929559066659,0,1,0.6721425125905571,1
334,1.0,-0.8539853779400989,0,1,3.065312565384784,1
335,1.0,0.12252828825249276,0,1,2.7454549941927757,1
336,1.0,-0.2292379267861368,0,1,2.1291739443041333,1
337,1.0,2.1714448784306355,0,1,2.2083688266633854,1
338,1.0,0.3963214119525798,0,1,2.4902929930944127,0
339,1.0,0.8999747396102155,0,0,0.9497784947726471,1
340,1.0,0.740789862761709,0,0,0.2533940333292968,1
341,1.0,1.4438752392185807,0,1,1.0817799651057696,1
342,1.0,1.111357059464392,0,1,1.6367307614448876,1
343,1.0,0.057481545271065866,0,0,1.6350951368010536,1
344,1.0,1.5393484794567707,0,1,1.4761498262819561,1
345,1.0,-1.4834906806856702,0,0,1.3262725541835203,1
346,1.0,0.6437154088151547,0,0,0.5864498046407245,1
347,1.0,0.6600542892763076,0,0,1.023201333818078,1
348,1.0,-0.5537439671526443,0,1,2.211511691149334,1
349,1.0,-0.32481058863512924,0,0,1.7101575671466895,1
350,1.0,-1.3110849802511542,0,1,2.2553527926585937,1
351,1.0,-0.6264047287936207,0,1,1.1274752177134175,1
352,1.0,0.6543396120103404,0,1,1.7159046191391285,1
353,1.0,-0.6706821687876099,0,1,1.7364752305171096,1
354,1.0,0.5885201093564586,0,0,1.1147300573367995,0
355,1.0,0.04070828941298967,0,0,0.40344099488212964,1
356,1.0,0.23387173795519214,0,1,1.2813643645090964,0
357,1.0,-2.1278006807044507,0,1,1.5087133659544958,0
358,1.0,-0.0016499516896234146,0,0,1.1865491885384891,1
359,1.0,-0.24716262947311513,0,0,0.854947693180168,1
360,1.0,-0.09192130600923142,0,1,1.9350838679201114,1
361,1.0,-2.042498589381711,0,1,3.6969761623200004,1
362,1.0,-0.022839638773262855,0,1,2.339990461645796,1
363,1.0,-1.4433184760789208,0,1,2.3349984073347603,1
364,1.0,-1.2920307707825722,0,0,1.7198192542987871,1
365,1.0,0.9705054746950782,0,1,2.191452356209245,1
366,1.0,1.1182576601097527,0,1,2.1566810012528563,1
367,1.0,1.815059363111956,0,0,0.4638738016993219,1
368,1.0,0.41087654980658217,0,0,0.7873510763082837,1
369,1.0,-0.9430979447380472,0,1,2.138502326057403,1
370,1.0,0.5388239751990495,0,0,0.9851336002190179,1
371,1.0,-2.5452840024657863,0,0,1.830573047197832,1
372,1.0,-0.5548573197627197,0,1,2.380668605095729,1
373,1.0,-1.5976109973199606,0,1,2.775191535312226,1
374,1.0,-1.3390450865423227,0,0,1.8256675898411923,1
375,1.0,0.629265185221479,0,0,0.9783629610651229,1
376,1.0,0.6500338896698392,0,1,2.675768395072977,1
377,1.0,0.7428622425463057,0,0,1.0636737012921513,1
378,1.0,0.24456829079835313,0,1,2.3140683825856274,1
379,1.0,0.3805878112231458,0,1,2.1958949526835294,1
380,1.0,-0.9865959668581237,0,1,2.271986155743617,1
381,1.0,-0.4004022482734607,0,0,1.4684698067374042,1
382,1.0,0.444788459261922,0,1,2.2196553297769084,0
383,1.0,0.7969600638720503,0,1,2.2251528120802995,0
384,1.0,-1.0210459214156864,0,0,1.1834920130789541,1
385,1.0,1.2457782447725607,0,1,1.9007181473204773,1
386,1.0,-0.40331502670472724,0,0,0.917653101986871,1
387,1.0,-0.3094354057111212,0,1,1.9373539486359117,1
388,1.0,-1.1324758446985816,0,1,3.1374228058794125,1
389,1.0,0.8348812912456678,0,1,2.6129710157881365,1
390,1.0,-0.07812716981764732,0,0,0.6490850337149184,1
391,1.0,-2.211406059096995,0,1,2.707738287314551,1
392,1.0,-0.7011109075546009,0,1,0.6233658000155293,1
393,1.0,-0.4470221269802751,0,0,1.6245867625294843,1
394,1.0,-1.1601477838398073,0,0,1.3087850460701225,1
395,1.0,-1.1566504011170413,0,1,2.610751368010603,1
396,1.0,2.2085976486927414,0,0,0.40148849988389795,1
397,1.0,-0.9913914879788441,0,1,2.3594828710168803,1
398,1.0,-1.1922385766696186,0,0,2.075736314662639,1
399,1.0,0.20469277156630386,0,1,2.128360384403528,0
400,1.0,-0.42083760193680886,0,0,1.350985147657677,1
401,1.0,1.4638372961051456,0,0,1.0223807726180727,1
402,1.0,-1.211950121191596,0,0,1.0377460314869489,1
403,1.0,0.6393924253125502,0,0,0.6401968176750921,1
404,1.0,-1.0964329472508565,0,0,0.8443791686051652,1
405,1.0,-0.2500884271075259,0,1,1.983375027769486,1
406,1.0,1.1866661048833045,0,1,1.427520222477984,1
407,1.0,-0.7981774836801792,0,1,2.7534690302595815,1
408,1.0,-0.4764879159922865,0,1,2.5413264237489104,0
409,1.0,-0.5007560817765194,0,0,1.3339560686717433,1
410,1.0,0.8549600529131824,0,0,0.6958173809447645,1
411,1.0,1.4481341996507473,0,0,0.7678925975498083,1
412,1.0,-0.9959397351553118,0,0,1.4836105277094043,1
413,1.0,-0.4703546298268291,0,1,2.0069066124339288,0
414,1.0,-0.2650102966591624,0,0,0.6840562567804008,1
415,1.0,0.1292398255717758,0,0,1.5345205160312747,1
416,1.0,-2.3531347368652513,0,1,3.1352634408042985,0
417,1.0,0.04658992500566231,0,1,2.4087128754392313,1
418,1.0,1.1769982416477796,0,0,0.730382879599404,1
419,1.0,-1.1081009689491335,0,0,1.772080510794372,1
420,1.0,-0.25529380887052655,0,1,1.5346393327301024,1
421,1.0,0.6223095776771026,0,1,2.217594844358113,1
422,1.0,-1.3252040914662695,0,0,0.9075240842624478,1
423,1.0,-0.07559908241833618,0,1,2.441911198037792,0
424,1.0,0.2651440881776315,0,0,0.8304709596899815,1
425,1.0,0.594686627318028,0,0,1.1001991236147162,1
426,1.0,-0.06574724785924711,0,0,1.183156641829759,1
427,1.0,0.8587755290991569,0,1,2.6205111295955024,1
428,1.0,0.9984786728665863,0,1,3.4354923112994618,1
429,1.0,0.6532521015238316,0,1,1.5063404230957687,1
430,1.0,-0.019715852878173117,0,0,1.1885704550512406,1
431,1.0,-0.917100596869865,0,0,1.8208264146506272,1
432,1.0,-0.5667819195497313,0,1,1.6057628959843604,1
433,1.0,1.0303361234559199,0,1,2.182387022406504,1
434,1.0,1.8723949401279347,0,1,1.5259617867258566,0
435,1.0,0.23319282629337976,0,1,1.3877569004503822,0
436,1.0,0.3826353143650504,0,1,1.9597855717381378,1
437,1.0,-0.3421937563638203,0,0,1.434198201240121,1
438,1.0,0.6585696123490455,0,1,2.1419126348465563,1
439,1.0,0.6595418650487441,0,0,1.2154844251462755,1
440,1.0,0.2113738625247015,0,0,0.6964836743302595,1
441,1.0,0.7025947427323249,0,1,2.386122262639569,0
442,1.0,-0.4831690398563075,0,0,0.9070768638534632,1
443,1.0,-0.6582953527691492,0,1,1.7048920025695833,1
444,1.0,0.5687623010658609,0,0,0.8681133555801519,1
445,1.0,-0.9085350598551483,0,1,1.6571439860392998,1
446,1.0,-0.06358445391484044,0,1,2.1531570908773623,0
447,1.0,0.7439447144265601,0,1,1.2436334646170957,1
448,1.0,1.2549401589402978,0,0,1.2828920394213317,1
449,1.0,1.4280335087286005,0,1,1.1909010410856904,1
450,1.0,-1.6220647819407978,0,0,1.319186625960831,1
451,1.0,-1.587821643503211,0,1,3.0274338041296023,1
452,1.0,0.23684797686462608,0,0,1.0503275252806947,1
453,1.0,-0.40705591597557056,0,0,0.9945719654347425,1
454,1.0,1.670848476862065,0,0,0.7515414983461963,1
455,1.0,1.3230408970048226,0,1,2.6535349916858686,1
456,1.0,1.6855364774275512,0,1,3.02500334674301,1
457,1.0,0.019506107813127095,0,0,1.3050230218350454,1
458,1.0,0.22927533196190608,0,1,2.5308239197039346,1
459,1.0,1.4406987677468335,0,0,0.448328364700886,1
460,1.0,0.9217038138833352,0,1,1.2889622405954728,1
461,1.0,-1.2143846022403404,0,1,1.5469905490160425,0
462,1.0,0.23968017065289027,0,0,0.8493182557473111,1
463,1.0,0.3648045117895274,0,1,0.9565545765606576,1
464,1.0,-0.7250092235744889,0,0,1.152461725411504,1
465,1.0,0.4762333057002715,0,1,1.5985482573037046,1
466,1.0,-1.5133083417778874,0,1,2.906626790841253,1
467,1.0,-0.6265591076011451,0,1,0.7483392462317828,1
468,1.0,0.8481042239507783,0,0,1.1054370065147898,1
469,1.0,0.4883617684122978,0,0,0.5232172326472673,1
470,1.0,-0.32726546620690916,0,1,1.658459974513621,0
471,1.0,-0.8358474039805958,0,1,1.370729494237125,1
472,1.0,0.5218542794675337,0,0,1.2814155463960042,1
473,1.0,-1.094458141090456,0,1,2.4106096673486626,1
474,1.0,-1.8874206514923728,0,1,2.533795530242581,1
475,1.0,-0.48031556243275914,0,0,0.8961234673549578,1
476,1.0,-1.4338918490205343,0,0,2.481361921003795,1
477,1.0,-0.580183468776216,0,1,2.5553082668931952,1
478,1.0,1.266837915715811,0,1,1.8752365409872915,1
479,1.0,1.074617210939916,0,1,1.9464440740164102,1
480,1.0,0.7060455334295237,0,0,1.1873225184510594,1
481,1.0,-0.377639650485887,0,0,1.4107235190079392,1
482,1.0,0.6920320592729238,0,0,1.2561528977011136,1
483,1.0,-0.14126496642929484,0,0,1.4737625599859363,1
484,1.0,-0.6073877555108615,0,1,1.8555902337079975,1
485,1.0,0.5620440645101665,0,0,0.5462806262056764,1
486,1.0,-0.2080142486104872,0,0,1.745764706301066,1
487,1.0,-0.7772099322024936,0,0,1.678360226745033,0
488,1.0,-0.13297825411998518,0,1,1.5727367306785456,0
489,1.0,0.2545832231168065,0,1,2.1279846015316646,1
490,1.0,-0.5281887981946298,0,0,0.7700022913635406,1
491,1.0,0.16104203331601266,0,1,2.1265920756110606,1
492,1.0,-1.278146844659945,0,0,1.8067848925809862,1
493,1.0,0.25568843868368923,0,1,2.8027302492275945,1
494,1.0,0.230691893434111,0,0,1.2109015709899857,1
495,1.0,-1.219266913080162,0,1,1.7069098047305695,0
496,1.0,0.7611952097571483,0,1,2.2221345932149434,0
497,1.0,-0.6529765935926596,0,0,0.8448657953777748,1
498,1.0,0.36882017096747954,0,0,1.0258724155217482,1
499,1.0,0.5129936691956513,0,1,2.480883097299302,1
500,1.0,-0.09418458720709161,0,0,0.8977209537335763,1
501,1.0,-0.5743954001086801,0,0,0.9878408312613447,1
502,1.0,0.3321564358045816,0,1,1.8695868237055633,0
503,1.0,1.861068490971683,0,1,1.9633068514756622,1
504,1.0,-1.1514141548735812,0,1,1.9898172956977782,0
505,1.0,-0.6223437098024301,0,0,0.7999448342361316,1
506,1.0,0.48786397494957484,0,0,1.056816835603982,1
507,1.0,0.22326378845359612,0,0,0.8933223117138599,1
508,1.0,0.18407381242378165,0,1,2.929175492455402,0
509,1.0,0.16693853750991303,0,0,1.8231871987902626,1
510,1.0,-1.4690123568745137,0,1,1.6934266572599397,1
511,1.0,0.568502009509921,0,1,1.7123181465821535,1
512,1.0,0.3942732858691694,0,1,2.481377636940581,1
513,1.0,-0.9041842668001802,0,0,1.4156016308576727,1
514,1.0,0.6562231060989964,0,0,1.2230764396561127,1
515,1.0,-1.9943146419400675,0,1,2.7408255542566744,1
516,1.0,-1.3860281638473193,0,0,2.168127409796846,1
517,1.0,-1.163139663437807,0,1,1.7381628884539102,0
518,1.0,0.1235465332193083,0,0,1.006458367304979,1
519,1.0,-0.02408422951520577,0,1,1.9029407238373863,1
520,1.0,0.8892201591372485,0,0,0.8518682915645703,1
521,1.0,-1.183613995884342,0,0,1.5074667670207933,1
522,1.0,0.6413728847914832,0,0,0.9933388453237892,1
523,1.0,0.20221789883941124,0,1,1.820714644344692,1
524,1.0,1.6945507202786456,0,0,0.7409481945579048,1
525,1.0,-0.19473087196505434,0,0,1.453706345735743,1
526,1.0,-0.5774135126299202,0,1,2.7667568442399784,0
527,1.0,-0.8362967710448563,0,0,1.0096518165645287,1
528,1.0,-1.725340966899533,0,1,2.691058466470249,1
529,1.0,-0.4227189188437213,0,1,3.3590696898341643,0
530,1.0,1.4098362136443783,0,0,0.36949516003195676,1
531,1.0,0.03472950473374723,0,1,2.848183585202568,1
532,1.0,1.0966733452129231,0,0,0.6437490032565218,1
533,1.0,0.5184325055706925,0,0,0.7992775242053907,1
534,1.0,0.6302039091900393,0,0,1.179304236997155,1
535,1.0,0.5479868763586225,0,0,1.171519292364197,1
536,1.0,0.917179672382635,0,1,0.7064553030691095,1
537,1.0,-0.9242394650137925,0,0,1.5894387995166517,1
538,1.0,-0.181889219230571,0,1,0.4685905354775724,0
539,1.0,1.9997463138670881,0,0,0.8146430298701846,1
540,1.0,-0.3886705037275778,0,1,2.1686199683905776,1
541,1.0,-0.2718044108539925,0,1,2.149868593632281,1
542,1.0,1.7165162738922162,0,1,2.171486288389513,1
543,1.0,-1.1525454031840234,0,0,1.719732430874834,1
544,1.0,0.826382273003915,0,0,1.3983135625894865,1
545,1.0,0.21194638178232272,0,1,2.1263804024345108,1
546,1.0,0.881918305610455,0,0,0.8535095540154349,1
547,1.0,1.0347622095343727,0,1,2.3009627139486026,0
548,1.0,1.471606951418042,0,0,0.9398191229239795,1
549,1.0,-0.04119872021039718,0,0,0.7245159498136426,1
550,1.0,-0.4531412757066186,0,0,1.4858495075710474,1
551,1.0,1.5200809354330571,0,1,2.012482293191106,0
552,1.0,-0.15941561252827577,0,0,1.3386028977290088,1
553,1.0,-0.7241716930324767,0,1,1.6591989102454385,1
554,1.0,-0.905354716043444,0,1,2.3748844705044383,1
555,1.0,1.6941178772900796,0,0,0.7400170662519594,1
556,1.0,-1.4037915999768469,0,1,2.3708918558426664,0
557,1.0,-0.8908576945885818,0,1,2.4796099294030336,1
558,1.0,0.7240737281197468,0,1,2.253783476321445,0
559,1.0,0.38287889698434774,0,0,1.4074742985067297,1
560,1.0,-0.7164763210802703,0,0,1.3769063984870498,1
561,1.0,0.13391721797875064,0,1,2.189439754921423,1
562,1.0,-0.3289638193184272,0,1,2.618649135057804,1
563,1.0,-0.30998859338664453,0,0,1.019171057504191,1
564,1.0,-0.5035293119091887,0,1,1.7857717379524556,0
565,1.0,-2.1640939713065364,0,1,2.6823605131882413,1
566,1.0,0.22915419683699528,0,0,1.3586532945534215,1
567,1.0,-1.780487459286533,0,1,2.17490443726455,1
568,1.0,-0.8474978412189023,0,1,0.6453372154257735,0
569,1.0,-0.7182734305877859,0,1,1.9127202318846106,1
570,1.0,1.3742783591302699,0,0,1.1593432918245983,1
571,1.0,1.1070102652962615,0,1,1.5932193537269606,1
572,1.0,0.07772738407584931,0,1,2.131371905171187,1
573,1.0,0.6444284669625553,0,0,0.7324259781167408,1
574,1.0,0.986537723468598,0,0,1.149615284335692,1
575,1.0,1.1588700411797734,0,0,0.2628475706517305,1
576,1.0,-2.1281368810770194,0,0,2.089961307541384,0
577,1.0,-0.6898638163413913,0,0,1.6451777223100439,1
578,1.0,1.0960965056727074,0,1,2.2305128857520606,0
579,1.0,-0.04745647480403221,0,0,1.2808154138853696,1
580,1.0,4.114842085803373,0,0,0.4525223963996198,1
581,1.0,-0.5332182232734572,0,0,1.0703147643845776,1
582,1.0,0.04965577440599702,0,0,1.207478438311851,1
583,1.0,1.3274615340705267,0,0,0.8503496681537368,1
584,1.0,0.13974055148095202,0,1,2.896853747256726,1
585,1.0,0.8197548401475925,0,1,1.4228076552319682,1
586,1.0,-1.6140691187125304,0,0,1.09472209483493,1
587,1.0,-0.15674666235918533,0,0,0.9672654217819275,1
588,1.0,-0.5473898296235685,0,0,1.4709045020775233,1
589,1.0,0.621181338073863,0,1,2.338603223150957,1
590,1.0,0.8519885207002881,0,1,2.0020186273676526,1
591,1.0,1.6791950240596023,0,0,0.8891891874549964,1
592,1.0,0.36414127426351584,0,1,1.933434103838168,1
593,1.0,-1.7586185718561924,0,0,2.3663666684286713,1
594,1.0,0.42843331151386677,0,1,1.9344549058271376,1
595,1.0,-0.8040152029038439,0,0,0.4935247392811476,1
596,1.0,0.324693463638399,0,1,1.2266734901038676,1
597,1.0,1.3095960482128564,0,0,0.5221409720939475,1
598,1.0,-1.0746945288807084,0,0,2.4061733835567276,1
599,1.0,0.7530718021696315,0,1,0.9906882988732167,1
600,1.0,0.030727609690324106,0,0,1.1722291047497337,1
601,1.0,0.04494631073208498,0,0,1.0358090055024547,1
602,1.0,0.7577021498661829,0,1,2.4532265233398083,1
603,1.0,0.6170428222824569,0,1,1.8470539652700824,1
604,1.0,-0.059661808640923034,0,1,1.99961000475174,0
605,1.0,0.9397885657701189,0,1,1.5135482373138105,0
606,1.0,-1.0099142417740177,0,0,0.47434159563382344,1
607,1.0,-0.5653678700491455,0,1,1.9887737944333193,1
608,1.0,-0.4188805490855128,0,0,0.7171849910282685,1
609,1.0,-0.8152582036030728,0,1,2.2856804923370824,0
610,1.0,-0.7595883476463824,0,0,1.7618224241056948,1
611,1.0,-0.9613281435353898,0,0,0.9201414124255064,1
612,1.0,0.5415974491193943,0,0,1.1586634623641228,1
613,1.0,0.8166948349235154,0,1,1.9287611704040404,1
614,1.0,1.4161168505559318,0,1,2.050311492079261,1
615,1.0,0.4985045903996665,0,0,0.4651470696895243,1
616,1.0,0.5420138282938319,0,0,1.2707741046566738,1
617,1.0,1.4525424216716447,0,0,0.9775656918094388,1
618,1.0,-0.22090266921697446,0,0,0.951618728491121,0
619,1.0,1.155879208999051,0,0,1.100133688139406,1
620,1.0,0.41905090370046616,0,0,1.1045686961451846,1
621,1.0,-0.9847854549823598,0,0,1.4873412397457781,1
622,1.0,-0.4958268622965273,0,1,1.5736839413052928,0
623,1.0,-0.6339508499783085,0,1,3.4704083636828646,1
624,1.0,-1.5316048560257247,0,1,1.9453816989435815,1
625,1.0,-0.8007253786618382,0,1,2.6952752039275567,1
626,1.0,-0.2792188769630145,0,0,1.245439992975729,1
627,1.0,0.20534002289640682,0,0,0.8073980799204107,1
628,1.0,0.8401865427669137,0,0,0.6496372103502025,1
629,1.0,-0.3871020057237022,0,1,2.551687156655112,1
630,1.0,-1.575933122440148,0,1,1.8487272108082982,1
631,1.0,1.4152640149259348,0,1,2.51236178038259,0
632,1.0,-0.06180072841525802,0,1,2.0048281730793414,1
633,1.0,-2.1581907864643823,0,1,1.7741055044503606,0
634,1.0,0.7489740326742307,0,1,1.4371422119043495,1
635,1.0,0.22135813734657625,0,0,0.8313229897547165,1
636,1.0,-0.7895682147463843,0,0,1.6208297476018088,1
637,1.0,0.18606487450497686,0,0,0.733622700794137,1
638,1.0,1.0300071049881445,0,1,2.023211538770366,1
639,1.0,-0.439049635646556,0,0,1.6740851942245012,1
640,1.0,-2.8282208186404745,0,0,1.9457341037089315,1
641,1.0,1.541232586879219,0,1,2.1806233203469705,0
642,1.0,-0.38429976450726794,0,1,2.33774220470688,0
643,1.0,-0.31841429279940375,0,1,1.8620434449579748,1
644,1.0,1.0591357989549173,0,0,1.2156894128912645,1
645,1.0,-2.048976033665025,0,0,1.5765932226869825,1
646,1.0,-0.3083259640270869,0,0,1.459541303868117,1
647,1.0,0.030245438536716684,0,1,2.1968277724341783,1
648,1.0,1.021436218703362,0,0,0.9350481089651091,1
649,1.0,0.5919598673817066,0,0,0.817297952840518,1
650,1.0,0.07833090653726742,0,0,0.7418305579087257,1
651,1.0,0.3018210987668835,0,1,1.7432372683123465,1
652,1.0,0.04564669361743546,0,0,1.0576567562527204,1
653,1.0,-1.7051343063529212,0,0,1.6788965828535392,1
654,1.0,-0.36079999614477165,0,1,1.806020195432447,1
655,1.0,-0.8444809587776857,0,0,1.875410223491801,1
656,1.0,-1.226947149167726,0,0,1.6970099449787654,1
657,1.0,0.43597720004594853,0,0,1.4211835704559195,1
658,1.0,-0.38304787912581506,0,0,1.1296981284903638,1
659,1.0,-0.13471529627377873,0,1,2.799206880285085,1
660,1.0,-1.4529415425760592,0,0,1.634491795323141,0
661,1.0,0.9940949916388825,0,1,1.7681856931006654,0
662,1.0,-0.4272409567135251,0,0,1.7467005795922015,1
663,1.0,0.6970102801487407,0,1,1.9684085273195586,1
664,1.0,0.9459475978334605,0,1,1.6737386579977125,1
665,1.0,-0.08464104966920209,0,0,0.6603628893692405,1
666,1.0,1.05316891709581,0,0,0.5403444383280966,1
667,1.0,-0.09200968903508609,0,1,2.197471855793514,1
668,1.0,0.20452877867052405,0,0,1.3134924039464329,1
669,1.0,-0.3920313367770622,0,0,1.5038492052301333,1
670,1.0,-0.5165210909445048,0,1,2.5759192485701576,1
671,1.0,-0.8752541996185809,0,0,1.0381096051602052,1
672,1.0,1.3512837664276915,0,0,0.7163723684995836,1
673,1.0,0.65708478274581,0,0,1.3687803128591978,1
674,1.0,-0.55591659752009,0,1,1.6318434311433445,1
675,1.0,-0.32439813724981753,0,1,2.0021856240081157,1
676,1.0,-0.5942242805707286,0,0,1.682617619911361,1
677,1.0,-1.0805383998151585,0,0,0.9433150339627674,1
678,1.0,-0.7646388734743548,0,1,1.5945696029861454,1
679,1.0,-2.1371320556710525,0,0,1.6840081785756322,1
680,1.0,-0.9247051508708027,0,1,2.136907822511988,1
681,1.0,-1.4058401135763134,0,0,2.2083723625493317,1
682,1.0,1.2786091493145288,0,1,2.252505609101046,1
683,1.0,-3.141169378572369,0,1,3.388949214899992,0
684,1.0,-0.6455904671442411,0,1,3.5793880593564587,1
685,1.0,0.7695009275226165,0,1,1.433607808160595,1
686,1.0,0.7912508879835645,0,1,2.269075149366299,1
687,1.0,1.9496767480759989,0,0,0.5243965469372686,1
688,1.0,0.9683809452669118,0,0,0.7722732638411896,1
689,1.0,0.7540538660336679,0,0,0.8553760236850867,1
690,1.0,0.14345953862690514,0,0,1.004592527366888,1
691,1.0,0.6872842667938597,0,1,1.8588339082140737,1
692,1.0,0.23912909055235898,0,1,2.589169942384183,1
693,1.0,1.574061418629413,0,0,0.533183459993388,1
694,1.0,-0.720332963818313,0,1,1.136984992765642,0
695,1.0,0.7664381866393191,0,0,0.7871198924086886,1
696,1.0,-1.2851819286326438,0,0,1.3433191099036512,1
697,1.0,0.09836608463941729,0,0,0.9664417034316614,1
698,1.0,0.2156696849085287,0,1,2.5804086979951086,0
699,1.0,0.4104095662227045,0,1,1.5356944070792002,1
700,1.0,-1.2939164026292165,0,0,0.8665647601351794,1
701,1.0,0.17617432888062365,0,1,1.8053671185132596,1
702,1.0,-0.4420631786883494,0,0,1.4340932012871177,1
703,1.0,1.1710214931970948,0,0,0.8404826483897411,1
704,1.0,-1.6729151328094682,0,1,1.0555988270214698,1
705,1.0,0.023272804206476545,0,1,1.8885775748771707,1
706,1.0,0.6050226159740463,0,1,0.8448063548718326,1
707,1.0,-1.0526556209664488,0,1,2.252625076159509,1
708,1.0,1.524821145970961,0,0,0.6288837947939957,1
709,1.0,-2.7974121659923665,0,1,3.7270475438102966,0
710,1.0,-1.451856474811162,0,0,1.852923546345343,1
711,1.0,0.5298550457078319,0,1,2.1464760046876568,1
712,1.0,-0.4594082261737529,0,0,0.9868981417457197,1
713,1.0,0.5417099152768455,0,0,1.1447651011287976,1
714,1.0,1.1617011918971698,0,0,0.6986134075110171,1
715,1.0,-0.8753227728224451,0,1,0.6314340781808212,1
716,1.0,0.3093594532047882,0,0,1.6443782029089413,1
717,1.0,0.5964361848946802,0,0,0.9755682402532646,1
718,1.0,-1.3120567514711805,0,1,1.577525774833851,1
719,1.0,1.5404115399329765,0,1,1.3743084147180356,1
720,1.0,-1.1491171545014425,0,1,2.7486623134863137,1
721,1.0,-1.4352600187458895,0,0,1.4811011071713422,1
722,1.0,1.1944758581510113,0,1,2.271315221682015,1
723,1.0,0.7187532759228422,0,1,1.6904265334608302,1
724,1.0,-0.7038648309802049,0,0,1.2787162315303793,1
725,1.0,0.08844506320312914,0,0,1.208215565526606,1
726,1.0,0.5826313154749089,0,0,1.2698044966872237,1
727,1.0,-0.6300248010626912,0,0,1.1495367605275366,1
728,1.0,-1.0987790235867194,0,1,1.942821449279304,0
729,1.0,0.47661230225608503,0,1,2.188669375168704,1
730,1.0,0.26556171370503023,0,0,0.9727269595251635,1
731,1.0,-1.000387444687721,0,1,1.8332366739122217,0
732,1.0,-1.337351588565705,0,0,1.897316698931661,1
733,1.0,2.518853735433264,0,1,2.068666135783373,0
734,1.0,-1.7232179779863495,0,1,2.895626111259677,1
735,1.0,-1.5420886149926933,0,1,1.750365431078539,1
736,1.0,0.1975672853484979,0,1,2.54413314339827,1
737,1.0,1.751644524256951,0,0,0.8082143629594685,1
738,1.0,0.5867688508444603,0,1,1.0513902375837287,0
739,1.0,-0.27547124832098113,0,1,2.923213689853754,0
740,1.0,-0.3079909092323427,0,0,0.9894871368346535,1
741,1.0,-0.3536035844707908,0,0,0.9830110648255639,1
742,1.0,-0.6770338890660101,0,1,2.8738962006747286,1
743,1.0,2.964381391911517,0,1,1.5158048170588854,1
744,1.0,-0.08404077574198572,0,1,2.8681862910035356,1
745,1.0,1.8440010742816388,0,1,1.9766199328037057,1
746,1.0,0.7217633368284333,0,1,1.4734004657984365,1
747,1.0,0.19624898903914934,0,0,0.9910283267344642,1
748,1.0,0.17505023240156253,0,0,1.208233920478465,1
749,1.0,1.024106905910854,0,0,1.1180693757669282,1
750,1.0,-1.5616130277228986,0,1,2.0887817499788133,0
751,1.0,-0.05487840573400897,0,1,1.645303660243938,1
752,1.0,0.31746975434778824,0,0,1.1353106071253642,1
753,1.0,-0.06455437102269919,0,1,2.210080294923032,0
754,1.0,-1.7093013117707283,0,0,1.6439792134646898,1
755,1.0,0.15062840213679662,0,1,3.098817109901264,1
756,1.0,0.9976905371212919,0,0,1.2048178248051837,1
757,1.0,0.12496910878615629,0,0,1.0162073057463952,1
758,1.0,0.32421118324805054,0,1,2.5870011945516946,1
759,1.0,1.5333482515109789,0,1,2.9833337097260673,1
760,1.0,1.2265725622585475,0,1,2.053683729724251,0
761,1.0,-0.04689066619902466,0,0,0.8281329238459219,1
762,1.0,0.812333393264388,0,0,1.4330797848192502,1
763,1.0,-0.763145780699656,0,0,1.3283894406218861,1
764,1.0,-0.4963140418153425,0,1,1.254103972295191,1
765,1.0,0.11427567262949648,0,0,1.381502980379668,1
766,1.0,2.71426077405117,0,1,0.7824073358443911,1
767,1.0,-1.6011224649043354,0,0,0.9921875332004909,1
768,1.0,0.43140779752033265,0,1,1.6311219902319558,1
769,1.0,-0.04983694649538924,0,0,1.1456542456029113,1
770,1.0,0.36570962488325137,0,1,2.359554262603107,0
771,1.0,0.20823056877793877,0,1,2.615860208099656,0
772,1.0,-0.5772400099218414,0,1,3.3213443782208825,1
773,1.0,1.5634645128174003,0,1,1.82562553124786,1
774,1.0,-0.37257972127864997,0,0,1.5826442145876742,1
775,1.0,-0.9850781753666682,0,1,1.2838983558822326,1
776,1.0,0.16205644554437015,0,1,2.004898293114566,1
777,1.0,-0.31072543311305256,0,1,1.6215851458937467,0
778,1.0,-1.2749941186199139,0,1,1.893254968290806,1
779,1.0,1.0812148047736079,0,1,2.1565653463107566,1
780,1.0,-0.5498312371888656,0,1,1.4339952718390054,1
781,1.0,-0.8531909612347031,0,1,2.606224257087162,1
782,1.0,0.9098312054266795,0,1,2.7098038669846707,1
783,1.0,-1.274749064445466,0,1,2.7776283979195777,0
784,1.0,-0.45197321216774433,0,1,3.4241257541772354,1
785,1.0,0.4068531621601967,0,1,2.3890767524816745,1
786,1.0,-0.5674190029273078,0,0,1.0625582319998728,1
787,1.0,-1.48644046179778,0,0,2.0289118235675265,0
788,1.0,-0.27134252830849737,0,1,1.4553197218776746,1
789,1.0,-0.0962829702356831,0,1,1.8107417850079401,1
790,1.0,0.7064501512300168,0,1,2.4318658824888835,0
791,1.0,2.087256739037716,0,1,2.5717021196395473,0
792,1.0,1.460146748682929,0,0,0.9075363875301657,1
793,1.0,-0.09174676237455114,0,1,1.7668616330386122,1
794,1.0,0.3424502564668472,0,1,1.6148569956151801,1
795,1.0,2.242421292722482,0,1,1.5599877785459357,1
796,1.0,-0.574910613705367,0,1,2.4428012794753737,1
797,1.0,0.8865528200734978,0,1,1.4834670950424242,1
798,1.0,1.3122201230777397,0,0,0.7147296276926297,1
799,1.0,0.1653044643770658,0,0,1.3953958316512904,1
800,1.0,-0.2903551155927091,0,1,3.187139536167008,1
801,1.0,0.5159184651460641,0,1,1.7290581539106566,1
802,1.0,0.8845126134404651,0,0,0.831722165118228,1
803,1.0,-0.30791358243961436,0,0,1.223649968343785,1
804,1.0,-1.570595285221985,0,0,1.076068825927692,1
805,1.0,-0.2302307201924609,0,1,2.5508526503735425,1
806,1.0,-0.26595540790981304,0,0,1.4633007757485836,1
807,1.0,-0.1977270989893172,0,1,1.9158493048753393,1
808,1.0,-1.3031892102992684,0,0,2.635600900988301,1
809,1.0,-1.2406530730010483,0,0,1.0501436739714782,1
810,1.0,0.018452816668639918,0,0,1.1125198880364302,1
811,1.0,0.5001920545530691,0,1,2.22979972093083,1
812,1.0,0.5082873862284725,0,1,2.328555685940901,1
813,1.0,1.1033820526048128,0,0,0.9728992158200628,1
814,1.0,-1.7247281206099534,0,0,0.3784207715961546,1
815,1.0,1.6730876041565919,0,0,1.0544018150615884,1
816,1.0,-2.8313088465104828e-05,0,1,1.793722718765799,1
817,1.0,-0.8568644617230093,0,1,2.2389969061702253,1
818,1.0,-1.3933015628256769,0,0,2.0362648855310845,1
819,1.0,1.986387844921819,0,0,0.7053064165847518,1
820,1.0,0.9195326709253855,0,0,1.2243779056043778,1
821,1.0,-0.206324508463273,0,0,1.425936980461252,1
822,1.0,-0.975128951518625,0,1,2.174153132692174,1
823,1.0,-0.6164953547486167,0,0,1.5135054812940703,1
824,1.0,0.4783418746204123,0,1,1.4488860065335964,1
825,1.0,-0.4778091056467984,0,0,1.534299070873385,1
826,1.0,1.5994271383187668,0,0,0.8663109817381242,1
827,1.0,1.1821382285107558,0,0,0.3570935568323616,1
828,1.0,-1.9305409202211636,0,0,1.3700418813198414,0
829,1.0,-1.1730480800663603,0,1,2.508655862869639,1
830,1.0,-0.4456311712948651,0,0,1.6350033260300556,1
831,1.0,-0.29847580311029775,0,0,1.1508463809352802,1
832,1.0,1.3328824976562177,0,0,0.9148926609609391,1
833,1.0,0.4531811335932578,0,1,1.8250733546953706,0
834,1.0,-0.5027003454095805,0,0,1.128936986870148,1
835,1.0,-1.477841757961767,0,1,2.132069608289022,1
836,1.0,-0.0013832551313275058,0,0,1.1662287696486437,1
837,1.0,-0.6082060193432712,0,1,2.5836706783466026,1
838,1.0,-0.44632424564661977,0,0,1.2885125253979308,1
839,1.0,0.5312953121247029,0,0,1.0180440692639017,1
840,1.0,-1.0682879007619928,0,1,2.7737895423095074,1
841,1.0,0.2973655848234963,0,0,0.8034823871791383,1
842,1.0,0.22499574907580028,0,1,1.8842175058222244,0
843,1.0,0.6589472542050255,0,0,1.034676795554221,1
844,1.0,0.08390247686602846,0,0,0.6412647862389477,1
845,1.0,-0.7446835342586722,0,0,1.3281321386109688,1
846,1.0,-0.8837610742116112,0,1,3.827820302767278,1
847,1.0,1.4190350644244714,0,0,0.44948776391696593,1
848,1.0,0.6326416998213766,0,0,0.976623211159161,1
849,1.0,-1.2297116905317356,0,1,1.989935383345102,1
850,1.0,-1.271965509338909,0,0,1.0667060258745653,1
851,1.0,0.4429701671795285,0,0,1.039257886015816,1
852,1.0,-2.3239713166599656,0,1,1.3674654934875696,0
853,1.0,0.18587272779612596,0,1,2.703092125182353,1
854,1.0,2.1511192182530836,0,0,0.765579852675169,1
855,1.0,0.18469255168309467,0,0,1.1584414581921738,1
856,1.0,-1.7472075439638446,0,0,2.0595090826334093,1
857,1.0,-0.7913874415771955,0,0,1.8163041119756875,1
858,1.0,0.6826171657042334,0,0,1.3147245310611633,1
859,1.0,1.3531707516932643,0,0,0.6574518747048992,1
860,1.0,1.1004346506592793,0,0,0.8949762581282482,1
861,1.0,0.8876266871127342,0,0,1.113108727425161,1
862,1.0,-0.8402896941166214,0,0,1.4629213734162836,1
863,1.0,0.045685051263607765,0,1,3.1431961876429115,1
864,1.0,-1.6682306960523008,0,0,1.4062908952375572,1
865,1.0,-0.9253348996695522,0,0,1.229653786456554,1
866,1.0,1.0587351057266656,0,0,1.0681394936357818,1
867,1.0,1.5362415850346987,0,0,0.9820252458292895,1
868,1.0,-1.4140019085367757,0,1,2.2396182203227415,1
869,1.0,-1.5126616727592006,0,1,2.635013883481829,1
870,1.0,0.29523001792947556,0,0,1.2063773425075928,1
871,1.0,-1.3282012739795876,0,0,1.145796326739905,1
872,1.0,0.8503193314168116,0,0,0.7489945554357214,1
873,1.0,0.2066139003332442,0,0,0.9899087287692272,1
874,1.0,-1.2462825866556346,0,0,0.7334269747083254,1
875,1.0,0.9163220792802498,0,0,0.8558191880908167,1
876,1.0,-0.2862783524524589,0,1,3.0210121414958193,1
877,1.0,0.7401365428287091,0,1,1.8219452908292235,1
878,1.0,-1.848828667850803,0,0,1.418164054808281,1
879,1.0,0.8282994233397949,0,0,0.9536280159217674,1
880,1.0,-1.4510639524732503,0,1,3.4266170396410494,1
881,1.0,0.30191413628836794,0,0,1.277824488270973,1
882,1.0,-0.6715875940406232,0,1,1.6010056088831845,0
883,1.0,0.7249360889171302,0,1,2.409661245549878,1
884,1.0,0.20271807674858797,0,1,2.6472234347517225,1
885,1.0,-1.567149915310156,0,1,1.5943152821839792,1
886,1.0,-0.015823609808287217,0,0,1.093693377405527,1
887,1.0,-0.7483565602536012,0,1,2.931467837835485,1
888,1.0,-0.6640559772859498,0,0,1.5810695130789718,1
889,1.0,-0.15939015227980075,0,1,1.7675139630816454,0
890,1.0,-0.5477946288013963,0,0,1.192300066175607,1
891,1.0,0.4930078653260029,0,1,1.9564637957571616,1
892,1.0,-0.6191036767281685,0,1,3.4027774194447535,1
893,1.0,-1.4101741049716074,0,1,2.5981142440076366,1
894,1.0,-0.44309241300982205,0,0,1.915732121803839,1
895,1.0,0.7250646033028554,0,1,2.886352474484821,1
896,1.0,-0.3427109617350606,0,0,1.6226010639813113,1
897,1.0,-0.6825064190461803,0,1,2.127544109845764,1
898,1.0,0.6517098648112614,0,1,2.333086356323879,1
899,1.0,0.26842642184840776,0,0,1.4467082718394733,1
900,1.0,-0.2506024095858763,0,0,0.7096696469309016,1
901,1.0,0.48735464204689005,0,0,0.5881107987373261,1
902,1.0,-1.0687547603390495,0,1,2.3116046258949003,1
903,1.0,1.1430125853737834,0,1,1.8061637257683614,1
904,1.0,1.8617182350939807,0,0,0.8999167485692676,1
905,1.0,-0.63187151593449,0,0,1.9628997036012952,1
906,1.0,0.8230962866725714,0,0,1.4175903783752564,1
907,1.0,0.21153831015601557,0,0,1.5426679781490085,1
908,1.0,-0.2834613988669751,0,0,1.0205409723291068,1
909,1.0,0.5916812168382626,0,1,2.422612474187173,1
910,1.0,-0.7671667207723457,0,1,3.53578335732578,1
911,1.0,1.1960512191591772,0,1,2.66000340017257,1
912,1.0,-0.5885465882719727,0,0,1.6757358211709543,1
913,1.0,0.30549469401235424,0,0,0.853959962544628,1
914,1.0,-0.7961373009491525,0,1,0.777486254326057,1
915,1.0,-0.6586136578880564,0,1,2.9828364797601754,1
916,1.0,0.49607357412548286,0,0,1.2947300533811512,1
917,1.0,-1.1321442301020592,0,1,2.2468056351288834,1
918,1.0,-1.47466978480717,0,1,1.4838938486212883,1
919,1.0,0.249188955885961,0,0,1.279700303947202,1
920,1.0,0.1602031922706746,0,0,1.3341846327060145,1
921,1.0,0.29731737874626096,0,0,0.6254182807734433,1
922,1.0,-0.9911979980881414,0,0,1.222089263367844,1
923,1.0,-0.7444305516850026,0,1,2.6251016253567556,1
924,1.0,0.10696756125186566,0,1,2.8371185822046927,0
925,1.0,-1.503229725738186,0,1,2.7385675721693707,0
926,1.0,-0.23083565809020337,0,1,1.633142129091193,1
927,1.0,0.11003444409759175,0,1,1.6815454607764313,0
928,1.0,-0.445078604670033,0,1,1.8472347229766348,0
929,1.0,-1.0375076948076627,0,1,1.3968325857015746,0
930,1.0,0.9603011419305568,0,0,1.237235237894112,1
931,1.0,-1.2153266302690666,0,0,1.4637439801409786,1
932,1.0,-0.5753002339898666,0,0,1.2875560020017103,1
933,1.0,-0.6249381326304723,0,1,2.123700005802757,0
934,1.0,-0.22309882931655325,0,0,1.3673136508624637,1
935,1.0,-0.7229023699483091,0,1,1.005008813999377,1
936,1.0,-2.5974724328713674,0,0,1.1320878374547159,1
937,1.0,0.6895162348478419,0,0,1.0272017099997481,1
938,1.0,-1.4470633006217133,0,0,1.494797800308409,1
939,1.0,-0.10474772057086537,0,0,0.8225234045804424,1
940,1.0,-0.3040482602515255,0,0,1.0239566435298486,1
941,1.0,0.4265977896332058,0,0,1.5103738831493945,1
942,1.0,-1.254338600394296,0,1,2.408857687624279,0
943,1.0,0.8026651586448311,0,0,1.0728735265641196,1
944,1.0,-1.0203554693097119,0,1,3.1318689918564377,0
945,1.0,-1.3696555647117234,0,1,2.002630881190153,1
946,1.0,1.6131028379084453,0,0,0.6174133354047927,0
947,1.0,-0.3386514514597717,0,1,2.4463897732299538,1
948,1.0,0.6511946071737704,0,0,1.089043686024567,1
949,1.0,-0.8438740198315754,0,0,1.3368872479446288,1
950,1.0,-0.679656966566943,0,1,2.6821030171860083,0
951,1.0,1.3311059107211831,0,0,0.42651748833657493,1
952,1.0,-1.1750205195784824,0,0,0.729354844522962,1
953,1.0,0.1853222230210927,0,0,1.0329245308557757,1
954,1.0,0.7944301126737627,0,0,0.628828013634525,1
955,1.0,0.6657404961373661,0,0,0.7918268909005728,1
956,1.0,0.20853967477806135,0,0,1.2297994683059719,1
957,1.0,-1.9119627332667588,0,1,1.8185483132594487,0
958,1.0,1.1457879149949854,0,1,2.0697556945687436,1
959,1.0,-0.6621438962347244,0,1,2.1552142676036654,1
960,1.0,-0.13000502523444035,0,1,1.9975918555913381,1
961,1.0,-0.06436595730158842,0,1,1.7483434547936896,1
962,1.0,-0.6107361961540665,0,0,1.082826591877093,1
963,1.0,0.007686131420583934,0,1,2.2717036461312397,0
964,1.0,0.2583197509292854,0,0,0.9960142593597427,1
965,1.0,-2.0101510340785884,0,0,1.797514188317991,1
966,1.0,1.2267401414360277,0,0,1.3510055699754915,1
967,1.0,0.21614674062870082,0,0,1.2462858373626509,1
968,1.0,-1.7913847797909797,0,1,2.23699476725087,0
969,1.0,-0.1737691598811142,0,1,1.8862887697075108,0
970,1.0,-0.6138040177988653,0,1,1.3796721333933162,1
971,1.0,-0.2029996869424885,0,0,0.971237454860477,1
972,1.0,-2.3002243616584863,0,1,1.4710514463043056,1
973,1.0,0.503508964592393,0,1,1.978536641098889,1
974,1.0,1.3513585232202006,0,0,1.0937850904561892,1
975,1.0,2.1662317042402384,0,0,0.5338355677199542,1
976,1.0,-1.3900208790909117,0,1,1.5111442211410695,1
977,1.0,-0.3323545364476856,0,0,1.4137584823815665,1
978,1.0,-0.5480733128513076,0,1,1.6112795702891067,0
979,1.0,0.5575359334311557,0,0,0.6818037380430253,1
980,1.0,0.3535428215690495,0,1,3.273512096874783,1
981,1.0,0.1105562139660125,0,1,2.496087749553625,1
982,1.0,-0.10776891990579866,0,1,2.875859165800928,1
983,1.0,1.0923172887816466,0,0,0.8554530010072108,1
984,1.0,0.5694112807864902,0,1,0.8783237957817036,1
985,1.0,0.009122649357542081,0,1,2.7947066446167614,0
986,1.0,0.7374352574683849,0,0,0.595615740615359,1
987,1.0,0.4851404474080651,0,1,1.6759826546978456,0
988,1.0,1.0335334478979024,0,0,0.740638856078723,1
989,1.0,0.7572047993101747,0,0,0.7859391740748362,1
990,1.0,1.8075853050790436,0,1,1.3125014881245427,0
991,1.0,-0.19253313474345826,0,1,1.1349075239805757,1
992,1.0,0.8757749851799825,0,0,0.7550054706451952,1
993,1.0,-1.0944133704506007,0,1,2.141011783641091,0
994,1.0,-1.7806482342463514,0,0,0.8442548758096315,1
995,1.0,2.2516024161955315,0,0,0.5809224787266546,1
996,1.0,0.7743081320162708,0,1,1.2505240585706847,1
997,1.0,-1.5881823287459256,0,0,0.9046048288747072,1
998,1.0,0.774057379976972,0,0,0.6166626546356152,1
999,1.0,-1.6373042920876186,0,0,1.2579168590454457,1
